timestamp,lat,lon,plant_status,pH,temperature,humidity,ec,N,P,K
2025-09-01 00:00:00,14.53,120.99,Healthy,7.1878172299088705,24.89789249111586,69.97407175603193,1.410872175533424,20.127326304909786,14.973625977699939,25.13086311742327
2025-09-01 00:05:00,14.53,120.99009306669727,Anthracnose - Symptomatic (wilt),6.938245800722399,24.924119071083105,69.92009546174293,1.5113589455059047,20.063074779974897,14.970995479349403,25.043936528737053
2025-09-01 00:10:00,14.53,120.99018613339453,Healthy,7.1242952074527555,25.10140425600919,69.90751339843447,1.5951158295113874,19.95376823282799,15.285564676559456,24.80092309826031
2025-09-01 00:15:00,14.53,120.9902792000918,Healthy,6.806968811615052,24.99553838336057,69.91798296796898,1.5892481691670521,19.998532676430738,14.822457932367515,24.79736591433965
2025-09-01 00:20:00,14.53,120.99037226678908,Healthy,7.086478350871686,24.966143228303636,70.10951206272479,1.3764511282769774,19.87651691084972,15.018730913825463,25.062114201427697
2025-09-01 00:25:00,14.53,120.99046533348634,Healthy,6.829092710055562,24.970422777461703,69.92430607887945,1.5981804887724946,19.99016858088836,15.265946995979993,25.04638621071713
2025-09-01 00:30:00,14.53,120.99055840018362,Healthy,7.049196590204284,25.165762734455313,69.98636462846378,1.599486109714092,20.05078536924393,14.98349850829876,25.129810308143657
2025-09-01 00:35:00,14.53,120.99065146688089,Healthy,6.93814634392889,25.04145940375525,70.03450859047841,1.4006954295747234,19.958300573295773,15.03628033435066,25.02492862089444
2025-09-01 00:40:00,14.53,120.99074453357815,Healthy,6.988473979695291,25.054034842451646,69.89188614258842,1.3762115042769352,19.828968251781152,14.954002759606022,24.96846007395494
2025-09-01 00:45:00,14.53,120.99083760027543,Anthracnose - Symptomatic (sunken spots),7.2032715022005975,25.054152607325427,70.08429529944074,1.4976037983130834,20.097617024183194,14.97340026125944,24.974120723275416
2025-09-01 00:50:00,14.53,120.9909306669727,No Turmeric Detected,7.058796594973321,24.98179581356099,69.98762749452143,1.3953498411572487,19.86305383334485,14.82992729941331,25.09357563861499
2025-09-01 00:55:00,14.53009009009009,120.9909306669727,Healthy,7.028956740455426,24.986087055411883,70.09579901103703,1.4187708438557,20.023151675313933,15.083325317204986,24.77604182700498
2025-09-01 01:00:00,14.53009009009009,120.99083760027543,No Turmeric Detected,6.885441197387037,24.984568400172257,70.08818593148412,1.4061149012652394,19.994344067930772,15.075032999072736,24.895904809608524
2025-09-01 01:05:00,14.53009009009009,120.99074453357815,Healthy,6.961401818235811,25.070004260323955,70.14606772329306,1.6117751815125982,19.991006904185696,15.030629214297004,24.964188788079074
2025-09-01 01:10:00,14.53009009009009,120.99065146688089,Healthy,6.9711814465742945,24.84643608401107,70.00604906445551,1.4439492856224498,20.063024404251873,15.000775614981952,25.014777919612296
2025-09-01 01:15:00,14.53009009009009,120.99055840018362,Healthy,7.143505667988431,24.98729044097126,69.89184497508187,1.4659983113202504,20.056994538794065,14.997922454229096,24.85153569826868
2025-09-01 01:20:00,14.53009009009009,120.99046533348634,Healthy,6.912589587231678,25.220706703699253,69.89959399948435,1.6193587888776324,19.99499188167694,15.090876761884303,24.802151026789293
2025-09-01 01:25:00,14.53009009009009,120.99037226678908,No Turmeric Detected,7.0146619560379015,24.88415089552133,69.89865967958549,1.5599022614124234,19.95699755750894,15.217495882475063,25.092842717098957
2025-09-01 01:30:00,14.53009009009009,120.9902792000918,No Turmeric Detected,7.049678531142352,25.063371987895778,70.06204100798374,1.3771135614621395,20.13565154900092,15.065250939548365,25.20919473561815
2025-09-01 01:35:00,14.53009009009009,120.99018613339453,Healthy,7.083835808031472,25.08570360032817,69.91805182813518,1.6376408983444322,19.966065955920488,14.800062867704646,24.991308386333746
2025-09-01 01:40:00,14.53009009009009,120.99009306669727,Anthracnose - Symptomatic (yellowing),6.999580866586079,24.971248514682642,70.00166169803421,1.4260770588703593,19.913835605876624,14.88459946512098,25.065739776328584
2025-09-01 01:45:00,14.53009009009009,120.99,Healthy,7.0209353779017185,24.972274890462657,70.23831551768548,1.598315612476623,20.169855439140775,14.912987752280316,24.936272183917094
2025-09-01 01:50:00,14.53018018018018,120.99,Healthy,6.9984724981477555,24.93528532428958,69.88979141887366,1.6525731172887004,20.0909981847324,15.130384006298168,24.877863102590126
2025-09-01 01:55:00,14.53018018018018,120.99009306669727,Healthy,6.967886406863012,24.937023328021873,69.8351906393124,1.4897800288473027,20.13538812899994,15.124629691655633,24.878426241192216
2025-09-01 02:00:00,14.53018018018018,120.99018613339453,Healthy,7.192357022288668,25.109263251047867,69.90557212308919,1.430914992331739,20.1030483199705,15.04960368995082,24.865326865488257
2025-09-01 02:05:00,14.53018018018018,120.9902792000918,Healthy,6.931042407438011,24.950116744935023,70.21977539503236,1.4181614251798706,19.912828981640544,14.861871585930576,24.930348734610977
2025-09-01 02:10:00,14.53018018018018,120.99037226678908,Healthy,6.926721832394464,25.0322786491879,69.97234158624121,1.4195261046136003,20.084053346971917,14.805860087003039,25.05073691834916
2025-09-01 02:15:00,14.53018018018018,120.99046533348634,Healthy,7.09382977801362,24.802328138490587,70.18022262657001,1.436699224316067,20.004654431708875,15.019592277945817,24.849606067845304
2025-09-01 02:20:00,14.53018018018018,120.99055840018362,Healthy,7.0555694134269356,24.88816077625544,70.04865052766078,1.368979704996459,19.85849011731425,14.998487772349247,25.029641585548763
2025-09-01 02:25:00,14.53018018018018,120.99065146688089,Healthy,6.9814786378261555,25.096658899130674,70.17372459046543,1.5146591041544843,19.93166564024272,14.966311015773833,24.88853975365975
2025-09-01 02:30:00,14.53018018018018,120.99074453357815,Anthracnose - Symptomatic (blight),7.261336732008986,25.185854946245716,69.95064703470634,1.4324380669255234,20.086835920981844,14.996952385603633,24.995712627354266
2025-09-01 02:35:00,14.53018018018018,120.99083760027543,Anthracnose - Symptomatic (lesions),7.143316379244217,25.02459822381706,69.99613988371463,1.4264541709836314,20.03957215129995,14.868688308601381,24.91556479361825
2025-09-01 02:40:00,14.53018018018018,120.9909306669727,Healthy,6.96313494361109,24.773927130088563,70.07752819096866,1.445413156729147,19.989814758078438,15.02293333453009,25.038261466841192
2025-09-01 02:45:00,14.53027027027027,120.9909306669727,Anthracnose - Symptomatic (yellowing),6.987850432827104,24.921781197096138,70.02331763925554,1.4311485433250808,19.989953279428278,15.002684549274303,24.803714698907267
2025-09-01 02:50:00,14.53027027027027,120.99083760027543,No Turmeric Detected,7.080675004825036,25.302526625002063,70.13787686293557,1.6073414605504524,20.14079149028236,14.994884778005634,25.133333010871837
2025-09-01 02:55:00,14.53027027027027,120.99074453357815,Healthy,6.956592048596977,25.09881395438701,70.03023074394979,1.3477154428613127,19.87300347757939,14.813445390963071,24.99930655274064
2025-09-01 03:00:00,14.53027027027027,120.99065146688089,Healthy,6.930943717860449,25.043665561738372,69.83226071994643,1.521592497089815,19.87950653002259,14.992258244175275,25.16227339934727
2025-09-01 03:05:00,14.53027027027027,120.99055840018362,Healthy,7.139129203070054,24.933079333168646,69.89895008400163,1.3533591566418568,19.99560029108204,15.07969743618914,24.7819612026387
2025-09-01 03:10:00,14.53027027027027,120.99046533348634,Healthy,6.904332058405707,24.943905398053076,69.98525416836134,1.4581511225659218,19.956726405118907,14.8774990728798,25.062601367409528
2025-09-01 03:15:00,14.53027027027027,120.99037226678908,No Turmeric Detected,6.965357758941185,25.058618649362224,69.94142415667591,1.6167679671891235,19.929917644480554,14.999366984693637,25.09295961294879
2025-09-01 03:20:00,14.53027027027027,120.9902792000918,Healthy,6.957092420556059,24.801432166266284,70.07185130578225,1.3558631915557617,20.03446524581004,14.8893917752367,25.150295360873933
2025-09-01 03:25:00,14.53027027027027,120.99018613339453,Healthy,6.9549069034185855,24.962238514957612,70.07820077186427,1.3630633049983238,20.06070478485841,14.958115890941139,24.723033644490357
2025-09-01 03:30:00,14.53027027027027,120.99009306669727,Anthracnose - Symptomatic (lesions),7.071828451628629,25.067314695183992,70.060420678212,1.3446329043715428,19.843058380714535,15.07173771199385,25.133192119238707
2025-09-01 03:35:00,14.53027027027027,120.99,Anthracnose - Symptomatic (wilt),7.031418402792913,24.81300315093979,69.97517781763561,1.6083758710353246,20.048999295667354,15.14112597696126,24.856332127972866
2025-09-01 03:40:00,14.53036036036036,120.99,Healthy,7.1403706990312505,25.097166125860156,69.99054919398611,1.6134246603869702,20.02680509369456,14.865151525851049,25.066157134475255
2025-09-01 03:45:00,14.53036036036036,120.99009306669727,Healthy,7.004701263690889,25.009725149495466,70.13010155985575,1.425806035239074,20.1072855049078,14.989974347442073,25.06216082712973
2025-09-01 03:50:00,14.53036036036036,120.99018613339453,Healthy,7.116987960679465,24.932588184875833,70.1944025525355,1.4381488601292678,19.846859810079437,14.874542563910689,25.179192849366565
2025-09-01 03:55:00,14.53036036036036,120.9902792000918,Healthy,7.067223722375046,24.945321030142598,70.02884532733694,1.5621810076450868,20.052142456649523,14.979301062597395,24.90671239443029
2025-09-01 04:00:00,14.53036036036036,120.99037226678908,Healthy,6.8423347581674445,25.025080984730597,69.94111781710113,1.4085115665779238,20.055584065018653,14.97644796767601,24.94890598711583
2025-09-01 04:05:00,14.53036036036036,120.99046533348634,Healthy,7.077056570475639,25.11630907479521,70.17684533365274,1.5233236846717368,19.859292227578017,14.989549316309438,25.05532735945552
2025-09-01 04:10:00,14.53036036036036,120.99055840018362,No Turmeric Detected,7.0174480784613245,24.8811966433565,70.05311210224248,1.4390327582959543,20.015931890720463,14.860221130402348,24.90698397765321
2025-09-01 04:15:00,14.53036036036036,120.99065146688089,Anthracnose - Symptomatic (lesions),6.8593681128968145,24.997346877523952,70.09946488035216,1.524007713122253,19.90050656368426,15.068061703099893,25.10652729689368
2025-09-01 04:20:00,14.53036036036036,120.99074453357815,Anthracnose - Symptomatic (blight),6.9409213000695775,25.059868541556295,69.95809270412434,1.5460235985029993,19.998469040453937,15.025418587570755,24.996860363970082
2025-09-01 04:25:00,14.53036036036036,120.99083760027543,Healthy,6.977138407401102,24.890531773241825,69.7624042193819,1.459271006700586,20.03965845978153,15.008690442016183,24.93013709710261
2025-09-01 04:30:00,14.53036036036036,120.9909306669727,Healthy,6.896462036967864,24.89570539678031,70.24143249216657,1.6426565940463607,19.847364986623568,14.998223153369258,24.963248438413775
2025-09-01 04:35:00,14.53045045045045,120.9909306669727,Healthy,6.850761653546464,25.06262338293031,69.8455998599446,1.4775911268215578,20.054113767013597,15.101046371644104,25.295257719284468
2025-09-01 04:40:00,14.53045045045045,120.99083760027543,Healthy,7.075162803432603,24.915454387203095,69.83626577837799,1.475010218063066,20.120752359117,15.030529334316125,24.939992260119517
2025-09-01 04:45:00,14.53045045045045,120.99074453357815,Healthy,7.07343789756661,24.917002094988305,69.98528093711198,1.5946194827437254,19.77224427695164,14.84475420644281,24.901817500182037
2025-09-01 04:50:00,14.53045045045045,120.99065146688089,No Turmeric Detected,7.096225366733613,25.00008608217183,70.02744314414444,1.6455417794083742,20.066757172543,15.147202683710248,25.08073835907628
2025-09-01 04:55:00,14.53045045045045,120.99055840018362,Healthy,6.898406447730661,24.94490451997032,69.74320346979604,1.6284437464912804,20.070811627914377,14.855226902900165,25.23711368518318
2025-09-01 05:00:00,14.53045045045045,120.99046533348634,Healthy,7.0095258217377285,25.0217386931734,69.81159043619155,1.6392496065195117,19.867659324374834,14.966751764784359,24.988777815228726
2025-09-01 05:05:00,14.53045045045045,120.99037226678908,Healthy,7.201151538923398,24.90210411721554,70.01644572990698,1.508692399303357,19.955231368678707,14.989842512957892,24.954478918000515
2025-09-01 05:10:00,14.53045045045045,120.9902792000918,Healthy,7.070127470291545,24.81673261784201,69.98860160050634,1.771871068755215,20.0102125803115,15.121711712945526,24.74534314301298
2025-09-01 05:15:00,14.53045045045045,120.99018613339453,Healthy,7.02434433074075,25.06671662869725,69.85923960248786,1.535811111341677,20.056010442226,15.028193663366812,24.893640821469887
2025-09-01 05:20:00,14.53045045045045,120.99009306669727,No Turmeric Detected,7.011944998489602,24.908214587494154,69.98456566005332,1.412223289542507,19.988674382778452,15.174445504093358,25.02730530044812
2025-09-01 05:25:00,14.53045045045045,120.99,Healthy,7.129278213108901,24.96272085781671,70.14594682545592,1.149002878748809,20.043628864140565,14.913763464686674,24.934205870318134
2025-09-01 05:30:00,14.53054054054054,120.99,Healthy,7.02398664905479,25.05735082557458,70.07666339040507,1.6302344593484794,19.939909574858802,15.11615193323412,25.154693989805132
2025-09-01 05:35:00,14.53054054054054,120.99009306669727,Anthracnose - Symptomatic (blight),6.885566903763712,24.929086673947726,69.82731374694976,1.4114531706091504,19.85089697831353,15.037670873324048,25.052795023054323
2025-09-01 05:40:00,14.53054054054054,120.99018613339453,Anthracnose - Symptomatic (wilt),7.1432129738249825,24.909489903979306,69.8314096888423,1.4009259056348844,19.95553669301032,14.930917423632303,25.020834518394956
2025-09-01 05:45:00,14.53054054054054,120.9902792000918,Anthracnose - Symptomatic (sunken spots),7.043521045999987,24.935265802066635,69.9091207923201,1.5634149533189854,20.177739417022728,14.943084528685182,25.127010489540698
2025-09-01 05:50:00,14.53054054054054,120.99037226678908,Healthy,7.1612001508451435,25.02822336111273,70.01866272973785,1.4026754586366526,20.010531286270187,14.973044966124679,24.898584250212497
2025-09-01 05:55:00,14.53054054054054,120.99046533348634,Anthracnose - Symptomatic (lesions),7.044477907273202,24.960123199939012,70.05636130065385,1.5891472414548045,19.981055030331635,14.967345001750083,25.052770462076836
2025-09-01 06:00:00,14.53054054054054,120.99055840018362,Anthracnose - Symptomatic (sunken spots),7.152973771136647,25.07366763381444,69.89093756318226,1.3678505397975294,20.089093207204982,15.108782944887702,24.913705955921298
2025-09-01 06:05:00,14.53054054054054,120.99065146688089,Anthracnose - Symptomatic (yellowing),7.182675200891829,24.939235786265694,69.87329041624679,1.5032721929699504,19.970104966369885,15.181997930667363,25.0387586880281
2025-09-01 06:10:00,14.53054054054054,120.99074453357815,Healthy,6.996386657819006,25.051987421061828,70.01877120132028,1.4102833567499142,20.02566647095639,14.965113581529888,25.054520867833084
2025-09-01 06:15:00,14.53054054054054,120.99083760027543,Healthy,6.992358782981491,25.02683224865075,70.02990600635071,1.5574276026549971,19.904961572810592,14.947441435997074,25.03479670445331
2025-09-01 06:20:00,14.53054054054054,120.9909306669727,Anthracnose - Symptomatic (blight),7.009658202382074,24.931342701428918,70.12737058674774,1.5444886295246534,19.972452732831286,14.769463649583251,25.20087613109708
2025-09-01 06:25:00,14.53063063063063,120.9909306669727,Anthracnose - Symptomatic (lesions),7.051018190752605,24.996475543707334,70.0770833016917,1.542853312914102,20.07463683848304,15.10953000299181,25.03009994574624
2025-09-01 06:30:00,14.53063063063063,120.99083760027543,No Turmeric Detected,7.101435148437905,25.146905106776714,69.9977207296323,1.4281493528735454,20.036827378811864,14.840388014205308,24.982650310929206
2025-09-01 06:35:00,14.53063063063063,120.99074453357815,Healthy,6.818326431876701,24.899075909412744,70.02378924324854,1.4341787052752417,19.944647868061644,15.02520881935203,24.96056185181066
2025-09-01 06:40:00,14.53063063063063,120.99065146688089,No Turmeric Detected,7.165770424480832,24.973692486374475,69.97108449985252,1.593645999055584,20.069339603053866,14.827049845875576,24.897383684217868
2025-09-01 06:45:00,14.53063063063063,120.99055840018362,Healthy,6.909315081275601,24.921176035789298,69.8924561123775,1.5340730868856134,19.91419642070028,15.054742599815137,25.05135213330732
2025-09-01 06:50:00,14.53063063063063,120.99046533348634,Healthy,6.878501718882573,25.050178157241934,70.1660773429662,1.5937465901155783,20.02955552979524,14.96500280590198,25.009843818992398
2025-09-01 06:55:00,14.53063063063063,120.99037226678908,Healthy,6.851646342078203,25.056192968189915,70.0538220960542,1.5486273133332742,19.827181230024138,15.063302737172869,24.99351051533802
2025-09-01 07:00:00,14.53063063063063,120.9902792000918,Healthy,6.986156851600507,25.006572866537965,69.90675155656486,1.6048766264233874,19.744955823946235,15.086865772605037,25.0919989894246
2025-09-01 07:05:00,14.53063063063063,120.99018613339453,Anthracnose - Symptomatic (wilt),6.793018831470993,24.922126730774202,70.15885088877086,1.49325888279347,19.928849064142792,15.034421662088404,24.925025637978724
2025-09-01 07:10:00,14.53063063063063,120.99009306669727,Healthy,6.9676581038238,24.889346490157212,69.90928881253507,1.5996095048845103,19.934868782657414,15.029617465641707,25.13745719363584
2025-09-01 07:15:00,14.53063063063063,120.99,Healthy,7.058887261678529,25.00318774942265,69.97279269190044,1.5208357910047758,20.093396774351767,15.031084797060954,25.053970657934293
2025-09-01 07:20:00,14.530720720720721,120.99,Healthy,6.964456046900421,25.111544242777068,70.0557031714653,1.6050321692669245,19.99211630182429,15.101761385531708,24.963452565156732
2025-09-01 07:25:00,14.530720720720721,120.99009306669727,Healthy,7.1544077566748046,25.13563560610962,70.05547554607395,1.5750259248957181,19.90430232007821,14.948818167549511,24.969622738038748
2025-09-01 07:30:00,14.530720720720721,120.99018613339453,Healthy,6.8724544357408215,24.97473889547698,69.96871188618859,1.405029941988003,20.041955500481937,14.946712871620372,24.97694611624866
2025-09-01 07:35:00,14.530720720720721,120.9902792000918,Healthy,7.148157931239407,25.10994956731898,70.04397286717327,1.3768250148931407,19.92793925661637,15.108056256748123,25.030388184472127
2025-09-01 07:40:00,14.530720720720721,120.99037226678908,Healthy,6.940842167462992,24.915389533152293,70.17526198960256,1.4920095873140924,20.097173837477413,15.056595739113146,25.00779697213113
2025-09-01 07:45:00,14.530720720720721,120.99046533348634,Healthy,7.093239706815661,25.100979264193075,69.95500729651897,1.6571480694132157,20.059206571059644,15.134730876142967,24.971250345508654
2025-09-01 07:50:00,14.530720720720721,120.99055840018362,Healthy,7.174783377743077,25.108347675613494,70.02001553019335,1.4142127192394809,19.885226236583566,15.092756850357214,24.94179438205857
2025-09-01 07:55:00,14.530720720720721,120.99065146688089,Healthy,6.905925889322552,24.955909710512763,69.87870871624838,1.5420727297055556,20.073705450752552,14.876499171048497,24.877890144472854
2025-09-01 08:00:00,14.530720720720721,120.99074453357815,Healthy,7.111094125456593,25.123915225493366,69.99246083544445,1.4204583101589254,19.98420285133821,14.989767314452646,24.919055430851145
2025-09-01 08:05:00,14.530720720720721,120.99083760027543,Healthy,7.053962002109531,24.963031052161046,70.12875809584904,1.5387154711327002,19.969451499709546,14.955024580088978,24.91006642124925
2025-09-01 08:10:00,14.530720720720721,120.9909306669727,Healthy,7.147806897408163,24.985498839933364,70.07049697615528,1.3169774159601393,19.96329397451443,15.055634355876757,25.04030102127892
2025-09-01 08:15:00,14.53081081081081,120.9909306669727,Healthy,6.87046201175223,24.81735084932613,69.93627980485086,1.4104810433796007,20.05789090527151,15.06328487315392,24.892941674946293
2025-09-01 08:20:00,14.53081081081081,120.99083760027543,Healthy,6.956910523908033,24.94700162700458,69.88229894931173,1.42793730352127,20.03848013191655,14.958705271161351,25.067774820171675
2025-09-01 08:25:00,14.53081081081081,120.99074453357815,No Turmeric Detected,6.998199320348823,24.958792609856403,69.84568314910364,1.531097005662978,19.893794406376987,14.967338068364008,24.976693383510558
2025-09-01 08:30:00,14.53081081081081,120.99065146688089,No Turmeric Detected,6.9771311328363765,24.932084056760658,70.16447066727794,1.4014041541850033,20.120736919094067,15.063915226067754,25.01879388788603
2025-09-01 08:35:00,14.53081081081081,120.99055840018362,Healthy,6.728810393711127,24.983573959402786,69.85391967182174,1.3424996710493633,19.831960928532833,14.944608889136466,25.116173209111313
2025-09-01 08:40:00,14.53081081081081,120.99046533348634,Healthy,7.015018520090377,25.054007212047928,70.10371117375303,1.4402366304812408,19.901170605964666,14.998848245560437,25.105552122372192
2025-09-01 08:45:00,14.53081081081081,120.99037226678908,Healthy,7.09686901627285,24.92849869056709,69.92306246396917,1.4627944214200128,19.940370956913817,14.947342583847698,24.99415180805621
2025-09-01 08:50:00,14.53081081081081,120.9902792000918,Healthy,6.930724935673646,25.05768502135988,70.13513429704993,1.4105493623841165,20.024649075184197,15.03307709694065,24.951092879964595
2025-09-01 08:55:00,14.53081081081081,120.99018613339453,Healthy,6.960959158980961,25.04861483123826,69.86281714321748,1.4090069399074974,20.036927062525542,15.002531531092611,25.000641583084338
2025-09-01 09:00:00,14.53081081081081,120.99009306669727,Healthy,7.106790489374495,24.941777097292775,70.07657437030792,1.4543524316800231,19.97619208315909,15.10886916741983,25.07330637654569
2025-09-01 09:05:00,14.53081081081081,120.99,No Turmeric Detected,6.980975232741789,24.917257678246596,70.04221965649306,1.3869485398311658,20.052512073596837,15.163943060468837,25.04756113222138
2025-09-01 09:10:00,14.5309009009009,120.99,No Turmeric Detected,7.019025794418855,24.947004407151343,69.84891999272048,1.4882473032082084,20.105630140812675,14.982572432582998,25.03519818589781
2025-09-01 09:15:00,14.5309009009009,120.99009306669727,Healthy,6.954995407288615,25.11278567827156,69.82143197577743,1.7031711486107661,20.07786243304099,15.097260096551702,24.945095671705594
2025-09-01 09:20:00,14.5309009009009,120.99018613339453,Healthy,7.152539851490382,25.07479060723296,70.00410892772373,1.441385905903132,20.047521570765056,15.086888752987893,24.934081609179763
2025-09-01 09:25:00,14.5309009009009,120.9902792000918,Healthy,6.96566751290479,24.96240006635015,69.97134517599855,1.4023152712932823,20.003810461370563,15.1116477616059,24.996559579103238
2025-09-01 09:30:00,14.5309009009009,120.99037226678908,Healthy,7.002358742204647,25.071625241448608,70.07667257285627,1.567574200381137,20.18611676449881,14.91977928776504,25.09842652853069
2025-09-01 09:35:00,14.5309009009009,120.99046533348634,Anthracnose - Symptomatic (wilt),6.989917218699619,25.02513448850926,69.96641380627716,1.5241136946135068,20.127083003121847,15.152159612517933,24.93998261862103
2025-09-01 09:40:00,14.5309009009009,120.99055840018362,Healthy,7.0204221061987,24.96532317700124,69.9705898527729,1.5309489793731677,19.872526075207958,14.996287447767351,24.984544901871974
2025-09-01 09:45:00,14.5309009009009,120.99065146688089,Anthracnose - Symptomatic (lesions),7.031280348942933,24.901858351603785,69.9216130645499,1.3633845922506684,20.123594121172186,15.066287298970359,24.982541476666487
2025-09-01 09:50:00,14.5309009009009,120.99074453357815,Healthy,7.00879391770553,25.011197284511397,70.21813610029292,1.5503056821462609,20.105325485396857,15.003076631329058,24.985832472907216
2025-09-01 09:55:00,14.5309009009009,120.99083760027543,Healthy,7.0560386113266675,24.985177640143696,70.11626655470826,1.484809677471082,19.910785161497813,14.930698648200053,25.162699326870378
2025-09-01 10:00:00,14.5309009009009,120.9909306669727,Healthy,7.179570841259845,24.944676178624597,69.91074161781644,1.2369471189315233,20.095305763782438,15.018550888150592,25.13580467596442
